-- Bonsai Ecommerce - Seed de dados iniciais
-- A senha é senha123 para todos os usuários

-- Usuários (criar primeiro, agora sem address_id - relação invertida)
INSERT INTO users (id, name, password, email, cpf_cnpj, phone, birth_date) VALUES ('b1a7e2c2-1f2e-4c3a-8e1a-2b3c4d5e6f70', 'Admin Bonsai', '$2a$10$bajxMbkqITBPvcq1/HOsROrYF2dB9aD2neeUuo9Jds31u3Z/C3D2m', 'admin@bonsai.com', '12345678901', '41987654321', '1990-01-15');
INSERT INTO users (id, name, password, email, cpf_cnpj, phone, birth_date) VALUES ('c2b8f3d3-2e3f-5d4b-9f2b-3c4d5e6f7a81', 'Cliente Bonsai', '$2a$10$bajxMbkqITBPvcq1/HOsROrYF2dB9aD2neeUuo9Jds31u3Z/C3D2m', 'cliente@bonsai.com', '98765432109', '41912345678', '1985-05-20');
INSERT INTO users (id, name, password, email, cpf_cnpj, phone, birth_date) VALUES ('d3c9a4e4-3f4a-6e5c-0a3c-4d5e6f7a8b92', 'Maria Oliveira', '$2a$10$bajxMbkqITBPvcq1/HOsROrYF2dB9aD2neeUuo9Jds31u3Z/C3D2m', 'maria@bonsai.com', '45678912301', '41998765432', '1992-08-10');
INSERT INTO users (id, name, password, email, cpf_cnpj, phone, birth_date) VALUES ('e4d0b5f5-4a5b-7f6d-1b4d-5e6f7a8b9c03', 'João Souza', '$2a$10$bajxMbkqITBPvcq1/HOsROrYF2dB9aD2neeUuo9Jds31u3Z/C3D2m', 'joao@bonsai.com', '78912345601', '41976543210', '1988-12-25');

-- Endereços (agora com user_id referenciando usuários - um usuário pode ter N endereços)
INSERT INTO addresses (id, street, number, complement, zip_code, neighborhood, city, state, user_id, created_by, updated_by) VALUES ('e7f8a9b0-7c8d-9e0f-1a2b-3c4d5e6f7a8b', 'Rua das Palmeiras', '100', 'Apto 101', '80000-000', 'Centro', 'Curitiba', 'PR', 'c2b8f3d3-2e3f-5d4b-9f2b-3c4d5e6f7a81', 'b1a7e2c2-1f2e-4c3a-8e1a-2b3c4d5e6f70', 'b1a7e2c2-1f2e-4c3a-8e1a-2b3c4d5e6f70');
INSERT INTO addresses (id, street, number, complement, zip_code, neighborhood, city, state, user_id, created_by, updated_by) VALUES ('f8a9b0c1-8d9e-0f1a-2b3c-4d5e6f7a8b9c', 'Av. Brasil', '200', 'Casa', '81000-000', 'Jardim Social', 'Curitiba', 'PR', 'd3c9a4e4-3f4a-6e5c-0a3c-4d5e6f7a8b92', 'b1a7e2c2-1f2e-4c3a-8e1a-2b3c4d5e6f70', 'b1a7e2c2-1f2e-4c3a-8e1a-2b3c4d5e6f70');
INSERT INTO addresses (id, street, number, complement, zip_code, neighborhood, city, state, user_id, created_by, updated_by) VALUES ('a9b0c1d2-9e0f-1a2b-3c4d-5e6f7a8b9c0d', 'Rua das Laranjeiras', '50', '', '82000-000', 'Batel', 'Curitiba', 'PR', 'e4d0b5f5-4a5b-7f6d-1b4d-5e6f7a8b9c03', 'b1a7e2c2-1f2e-4c3a-8e1a-2b3c4d5e6f70', 'b1a7e2c2-1f2e-4c3a-8e1a-2b3c4d5e6f70');
-- Cliente Bonsai tem um segundo endereço (para demonstrar que um usuário pode ter múltiplos endereços)
INSERT INTO addresses (id, street, number, complement, zip_code, neighborhood, city, state, user_id, created_by, updated_by) VALUES ('b0c1d2e3-0f1a-2b3c-4d5e-6f7a8b9c0d1e', 'Rua XV de Novembro', '500', 'Sala 12', '80000-100', 'Centro', 'Curitiba', 'PR', 'c2b8f3d3-2e3f-5d4b-9f2b-3c4d5e6f7a81', 'b1a7e2c2-1f2e-4c3a-8e1a-2b3c4d5e6f70', 'b1a7e2c2-1f2e-4c3a-8e1a-2b3c4d5e6f70');

-- Categorias
INSERT INTO categories (id, name, created_by, updated_by) VALUES ('f5e1c2b3-5d6e-4f7a-8b9c-0a1b2c3d4e5f', 'Ferramentas', 'b1a7e2c2-1f2e-4c3a-8e1a-2b3c4d5e6f70', 'b1a7e2c2-1f2e-4c3a-8e1a-2b3c4d5e6f70');
INSERT INTO categories (id, name, created_by, updated_by) VALUES ('a6b2d3c4-6e7f-5a8b-9c0d-1e2f3a4b5c6d', 'Vasos', 'b1a7e2c2-1f2e-4c3a-8e1a-2b3c4d5e6f70', 'b1a7e2c2-1f2e-4c3a-8e1a-2b3c4d5e6f70');
INSERT INTO categories (id, name, created_by, updated_by) VALUES ('b7c3e4d5-7f8a-6b9c-0d1e-2f3a4b5c6d7e', 'Bonsais', 'b1a7e2c2-1f2e-4c3a-8e1a-2b3c4d5e6f70', 'b1a7e2c2-1f2e-4c3a-8e1a-2b3c4d5e6f70');
INSERT INTO categories (id, name, created_by, updated_by) VALUES ('c8d4f5e6-8a9b-7c0d-1e2f-3a4b5c6d7e8f', 'Substratos', 'b1a7e2c2-1f2e-4c3a-8e1a-2b3c4d5e6f70', 'b1a7e2c2-1f2e-4c3a-8e1a-2b3c4d5e6f70');
INSERT INTO categories (id, name, created_by, updated_by) VALUES ('d9e5a6b7-9b0c-8d1e-2f3a-4b5c6d7e8f9a', 'Adubos', 'b1a7e2c2-1f2e-4c3a-8e1a-2b3c4d5e6f70', 'b1a7e2c2-1f2e-4c3a-8e1a-2b3c4d5e6f70');

-- Produtos com novos campos: discount, stock, featured
INSERT INTO products (id, name, description, price, discount, stock, featured, image_url, category_id, created_by, updated_by) VALUES ('f2a3b4c5-2d3e-4f5a-6b7c-8d9e0f1a2b3c', 'Tesoura de Poda', 'Tesoura profissional para bonsai', 39.90, 0.00, 50, false, 'https://github.com/eimmig/bonsai-ecommerce/blob/e9db88ea75997f83a90ca37b92204cea009853c2/assets/images/products/tesoura.jpg?raw=true', 'f5e1c2b3-5d6e-4f7a-8b9c-0a1b2c3d4e5f', 'b1a7e2c2-1f2e-4c3a-8e1a-2b3c4d5e6f70', 'b1a7e2c2-1f2e-4c3a-8e1a-2b3c4d5e6f70');
INSERT INTO products (id, name, description, price, discount, stock, featured, image_url, category_id, created_by, updated_by) VALUES ('b4c5d6e7-4f5a-6b7c-8d9e-0f1a2b3c4d5e', 'Vaso Japonês', 'Vaso importado para bonsai, cerâmica azul', 59.90, 0.05, 25, false, 'https://github.com/eimmig/bonsai-ecommerce/blob/e9db88ea75997f83a90ca37b92204cea009853c2/assets/images/products/vasobonsai.jpeg?raw=true', 'a6b2d3c4-6e7f-5a8b-9c0d-1e2f3a4b5c6d', 'b1a7e2c2-1f2e-4c3a-8e1a-2b3c4d5e6f70', 'b1a7e2c2-1f2e-4c3a-8e1a-2b3c4d5e6f70');
INSERT INTO products (id, name, description, price, discount, stock, featured, image_url, category_id, created_by, updated_by) VALUES ('c5d6e7f8-5a6b-7c8d-9e0f-1a2b3c4d5e6f', 'Substrato Akadama', 'Substrato japonês para bonsai, 2L', 29.90, 0.00, 100, true, 'https://github.com/eimmig/bonsai-ecommerce/blob/e9db88ea75997f83a90ca37b92204cea009853c2/assets/images/products/akadama.jpeg?raw=true', 'c8d4f5e6-8a9b-7c0d-1e2f-3a4b5c6d7e8f', 'b1a7e2c2-1f2e-4c3a-8e1a-2b3c4d5e6f70', 'b1a7e2c2-1f2e-4c3a-8e1a-2b3c4d5e6f70');
INSERT INTO products (id, name, description, price, discount, stock, featured, image_url, category_id, created_by, updated_by) VALUES ('d6e7f8a9-6b7c-8d9e-0f1a-2b3c4d5e6f7a', 'Adubo Orgânico', 'Adubo especial para bonsai, 500g', 19.90, 0.00, 75, false, 'https://github.com/eimmig/bonsai-ecommerce/blob/e9db88ea75997f83a90ca37b92204cea009853c2/assets/images/products/aduborganico.jpg?raw=true', 'd9e5a6b7-9b0c-8d1e-2f3a-4b5c6d7e8f9a', 'b1a7e2c2-1f2e-4c3a-8e1a-2b3c4d5e6f70', 'b1a7e2c2-1f2e-4c3a-8e1a-2b3c4d5e6f70');
INSERT INTO products (id, name, description, price, discount, stock, featured, image_url, category_id, created_by, updated_by) VALUES ('7f6e5d4c-3b2a-1f0e-9d8c-7b6a5e4d3c2b', 'Ficus Retusa', 'Bonsai clássico, ideal para iniciantes, fácil de cuidar e resistente.', 299.90, 0.25, 20, true, 'https://github.com/eimmig/bonsai-ecommerce/raw/main/assets/images/products/ficus-retusa2.jpeg', 'b7c3e4d5-7f8a-6b9c-0d1e-2f3a4b5c6d7e', 'b1a7e2c2-1f2e-4c3a-8e1a-2b3c4d5e6f70', 'b1a7e2c2-1f2e-4c3a-8e1a-2b3c4d5e6f70');
INSERT INTO products (id, name, description, price, discount, stock, featured, image_url, category_id, created_by, updated_by) VALUES ('6e5d4c3b-2a1f-0e9d-8c7b-6a5e4d3c2b1a', 'Juniperus Chinensis', 'Bonsai estilo cascata, ideal para decoração em ambientes naturais.', 349.90, 0.10, 20, true, 'https://github.com/eimmig/bonsai-ecommerce/raw/main/assets/images/products/juniperus-chinensis2.jpeg', 'b7c3e4d5-7f8a-6b9c-0d1e-2f3a4b5c6d7e', 'b1a7e2c2-1f2e-4c3a-8e1a-2b3c4d5e6f70', 'b1a7e2c2-1f2e-4c3a-8e1a-2b3c4d5e6f70');
INSERT INTO products (id, name, description, price, discount, stock, featured, image_url, category_id, created_by, updated_by) VALUES ('5d4c3b2a-1f0e-9d8c-7b6a-5e4d3c2b1a0f', 'Carmona Microphylla', 'Bonsai compacto, ideal para mesa de escritório, requer pouca luz.', 179.90, 0.00, 20, true, 'https://github.com/eimmig/bonsai-ecommerce/raw/main/assets/images/products/carmona-microphylla2.jpeg', 'b7c3e4d5-7f8a-6b9c-0d1e-2f3a4b5c6d7e', 'b1a7e2c2-1f2e-4c3a-8e1a-2b3c4d5e6f70', 'b1a7e2c2-1f2e-4c3a-8e1a-2b3c4d5e6f70');
INSERT INTO products (id, name, description, price, discount, stock, featured, image_url, category_id, created_by, updated_by) VALUES ('4c3b2a1f-0e9d-8c7b-6a5e-4d3c2b1a0f9e', 'Pinus Pentaphylla', 'Bonsai tradicional japonês, resistente e indicado para áreas externas.', 459.90, 0.15, 20, true, 'https://github.com/eimmig/bonsai-ecommerce/raw/main/assets/images/products/pinus-pentaphylla2.jpeg', 'b7c3e4d5-7f8a-6b9c-0d1e-2f3a4b5c6d7e', 'b1a7e2c2-1f2e-4c3a-8e1a-2b3c4d5e6f70', 'b1a7e2c2-1f2e-4c3a-8e1a-2b3c4d5e6f70');
INSERT INTO products (id, name, description, price, discount, stock, featured, image_url, category_id, created_by, updated_by) VALUES ('3b2a1f0e-9d8c-7b6a-5e4d-3c2b1a0f9e8d', 'Acer Palmatum', 'Bonsai de bordo japonês, coloração vermelha vibrante no outono.', 529.90, 0.20, 20, true, 'https://github.com/eimmig/bonsai-ecommerce/raw/main/assets/images/products/acer-palmatum2.jpeg', 'b7c3e4d5-7f8a-6b9c-0d1e-2f3a4b5c6d7e', 'b1a7e2c2-1f2e-4c3a-8e1a-2b3c4d5e6f70', 'b1a7e2c2-1f2e-4c3a-8e1a-2b3c4d5e6f70');
INSERT INTO products (id, name, description, price, discount, stock, featured, image_url, category_id, created_by, updated_by) VALUES ('2a1f0e9d-8c7b-6a5e-4d3c-2b1a0f9e8d7c', 'Zelkova Serrata', 'Bonsai elegante com folhagem delicada, adaptável a diversos ambientes.', 399.90, 0.05, 20, true, 'https://github.com/eimmig/bonsai-ecommerce/raw/main/assets/images/products/zelkova-serrata2.jpeg', 'b7c3e4d5-7f8a-6b9c-0d1e-2f3a4b5c6d7e', 'b1a7e2c2-1f2e-4c3a-8e1a-2b3c4d5e6f70', 'b1a7e2c2-1f2e-4c3a-8e1a-2b3c4d5e6f70');
INSERT INTO products (id, name, description, price, discount, stock, featured, image_url, category_id, created_by, updated_by) VALUES ('1f0e9d8c-7b6a-5e4d-3c2b-1a0f9e8d7c6b', 'Sakura Bonsai', 'Bonsai de cerejeira, floresce na primavera com lindas flores rosa.', 219.90, 0.00, 20, true, 'https://github.com/eimmig/bonsai-ecommerce/raw/main/assets/images/products/sakura2.jpeg', 'b7c3e4d5-7f8a-6b9c-0d1e-2f3a4b5c6d7e', 'b1a7e2c2-1f2e-4c3a-8e1a-2b3c4d5e6f70', 'b1a7e2c2-1f2e-4c3a-8e1a-2b3c4d5e6f70');
INSERT INTO products (id, name, description, price, discount, stock, featured, image_url, category_id, created_by, updated_by) VALUES ('0e9d8c7b-6a5e-4d3c-2b1a-0f9e8d7c6b5a', 'Caliandra Spinosa', 'Bonsai tropical com flores vermelhas vibrantes, ideal para climas quentes.', 399.90, 0.00, 20, true, 'https://github.com/eimmig/bonsai-ecommerce/raw/main/assets/images/products/caliandra-spinosa2.jpeg', 'b7c3e4d5-7f8a-6b9c-0d1e-2f3a4b5c6d7e', 'b1a7e2c2-1f2e-4c3a-8e1a-2b3c4d5e6f70', 'b1a7e2c2-1f2e-4c3a-8e1a-2b3c4d5e6f70');


-- Pedidos com novos campos: status, delivery_address_id, payment_method, subtotal, shipping_cost, total_price
-- status pode ser: PENDING, PROCESSING, SHIPPED, DELIVERED, CANCELLED
-- payment_method pode ser: CREDIT_CARD, DEBIT_CARD, PIX, BOLETO
INSERT INTO orders (id, order_date, user_id, status, delivery_address_id, payment_method, subtotal, shipping_cost, total_price, created_by, updated_by) VALUES ('b0c1d2e3-0f1a-2b3c-4d5e-6f7a8b9c0d1e', '2024-09-22T10:00:00', 'c2b8f3d3-2e3f-5d4b-9f2b-3c4d5e6f7a81', 'DELIVERED', 'e7f8a9b0-7c8d-9e0f-1a2b-3c4d5e6f7a8b', 'CREDIT_CARD', 239.80, 15.00, 254.80, 'b1a7e2c2-1f2e-4c3a-8e1a-2b3c4d5e6f70', 'b1a7e2c2-1f2e-4c3a-8e1a-2b3c4d5e6f70');
INSERT INTO orders (id, order_date, user_id, status, delivery_address_id, payment_method, subtotal, shipping_cost, total_price, created_by, updated_by) VALUES ('c1d2e3f4-1a2b-3c4d-5e6f-7a8b9c0d1e2f', '2024-09-23T15:30:00', 'd3c9a4e4-3f4a-6e5c-0a3c-4d5e6f7a8b92', 'SHIPPED', 'f8a9b0c1-8d9e-0f1a-2b3c-4d5e6f7a8b9c', 'PIX', 408.90, 20.00, 428.90, 'b1a7e2c2-1f2e-4c3a-8e1a-2b3c4d5e6f70', 'b1a7e2c2-1f2e-4c3a-8e1a-2b3c4d5e6f70');
INSERT INTO orders (id, order_date, user_id, status, delivery_address_id, payment_method, subtotal, shipping_cost, total_price, created_by, updated_by) VALUES ('d2e3f4a5-2b3c-4d5e-6f7a-8b9c0d1e2f3a', '2024-09-24T09:45:00', 'e4d0b5f5-4a5b-7f6d-1b4d-5e6f7a8b9c03', 'PROCESSING', 'a9b0c1d2-9e0f-1a2b-3c4d-5e6f7a8b9c0d', 'BOLETO', 49.80, 10.00, 59.80, 'b1a7e2c2-1f2e-4c3a-8e1a-2b3c4d5e6f70', 'b1a7e2c2-1f2e-4c3a-8e1a-2b3c4d5e6f70');

-- Itens dos pedidos
-- Pedido 1: Cliente Bonsai compra 1 Bonsai Ficus (199.90) + 1 Tesoura de Poda (39.90) = 239.80
INSERT INTO order_items (id, order_id, product_id, quantity, price, created_by, updated_by) VALUES ('11a1b1c1-1d1e-1f1a-1b1c-1d1e1f1a1b1c', 'b0c1d2e3-0f1a-2b3c-4d5e-6f7a8b9c0d1e', '7f6e5d4c-3b2a-1f0e-9d8c-7b6a5e4d3c2b', 1, 199.90, 'b1a7e2c2-1f2e-4c3a-8e1a-2b3c4d5e6f70', 'b1a7e2c2-1f2e-4c3a-8e1a-2b3c4d5e6f70');
INSERT INTO order_items (id, order_id, product_id, quantity, price, created_by, updated_by) VALUES ('22b2c2d2-2e2f-2a2b-2c2d-2e2f2a2b2c2d', 'b0c1d2e3-0f1a-2b3c-4d5e-6f7a8b9c0d1e', 'f2a3b4c5-2d3e-4f5a-6b7c-8d9e0f1a2b3c', 1, 39.90, 'b1a7e2c2-1f2e-4c3a-8e1a-2b3c4d5e6f70', 'b1a7e2c2-1f2e-4c3a-8e1a-2b3c4d5e6f70');

-- Pedido 2: Maria Oliveira compra 1 Bonsai Junípero (349.00) + 1 Vaso Japonês (59.90) = 408.90
INSERT INTO order_items (id, order_id, product_id, quantity, price, created_by, updated_by) VALUES ('33c3d3e3-3f3a-3b3c-3d3e-3f3a3b3c3d3e', 'c1d2e3f4-1a2b-3c4d-5e6f-7a8b9c0d1e2f', '6e5d4c3b-2a1f-0e9d-8c7b-6a5e4d3c2b1a', 1, 349.00, 'b1a7e2c2-1f2e-4c3a-8e1a-2b3c4d5e6f70', 'b1a7e2c2-1f2e-4c3a-8e1a-2b3c4d5e6f70');
INSERT INTO order_items (id, order_id, product_id, quantity, price, created_by, updated_by) VALUES ('44d4e4f4-4a4b-4c4d-4e4f-4a4b4c4d4e4f', 'c1d2e3f4-1a2b-3c4d-5e6f-7a8b9c0d1e2f', 'b4c5d6e7-4f5a-6b7c-8d9e-0f1a2b3c4d5e', 1, 59.90, 'b1a7e2c2-1f2e-4c3a-8e1a-2b3c4d5e6f70', 'b1a7e2c2-1f2e-4c3a-8e1a-2b3c4d5e6f70');

-- Pedido 3: João Souza compra 1 Substrato Akadama (29.90) + 1 Adubo Orgânico (19.90) = 49.80
INSERT INTO order_items (id, order_id, product_id, quantity, price, created_by, updated_by) VALUES ('55e5f5a5-5b5c-5d5e-5f5a-5b5c5d5e5f5a', 'd2e3f4a5-2b3c-4d5e-6f7a-8b9c0d1e2f3a', 'c5d6e7f8-5a6b-7c8d-9e0f-1a2b3c4d5e6f', 1, 29.90, 'b1a7e2c2-1f2e-4c3a-8e1a-2b3c4d5e6f70', 'b1a7e2c2-1f2e-4c3a-8e1a-2b3c4d5e6f70');
INSERT INTO order_items (id, order_id, product_id, quantity, price, created_by, updated_by) VALUES ('66f6a6b6-6c6d-6e6f-6a6b-6c6d6e6f6a6b', 'd2e3f4a5-2b3c-4d5e-6f7a-8b9c0d1e2f3a', 'd6e7f8a9-6b7c-8d9e-0f1a-2b3c4d5e6f7a', 1, 19.90, 'b1a7e2c2-1f2e-4c3a-8e1a-2b3c4d5e6f70', 'b1a7e2c2-1f2e-4c3a-8e1a-2b3c4d5e6f70');
